key,de,en,ru,tr,ar,fr,fa,nl,pl,it,uk,ka (georgisch),es,pt
LOGIN,Anmelden,Login,Вход,Giriş,تسجيل الدخول,Connexion,ورود,Inloggen,Zaloguj się,Accesso,Логін,Შესვლა,Acceso,Conecte-se
LOGIN.PEDIATRIC.CODE,Weiter mit Kinderarzt-Code,Continue with pediatric code,Продолжить с педиатрическим кодом,Pediyatrik kod ile devam edin,تابع مع رمز طب الأطفال,Continuer avec le code pédiatrique,ادامه با کد کودکانه,Ga verder met de pediatrische code,Kontynuuj z kodem pediatrycznym,Continua con il codice pediatrico,Продовжуйте дитячий код,გააგრძელეთ პედიატრიული კოდი,Continuar con código pediátrico,Continue com o código pediátrico
LOGIN.FAMILY.CODE,Weiter mit Familien-Code,Continue with family code,Продолжить семейный код,Aile koduyla devam edin,الاستمرار مع رمز العائلة,Continuer avec le code famille,ادامه با کد خانوادگی,Ga verder met de familiecode,Kontynuuj z kodem rodzinnym,Continua con il codice familiare,Продовжуйте сімейний код,გააგრძელეთ ოჯახის კოდი,Continuar con el código de familia,Continue com o código da família
LOGIN.EMAIL.CODE,Weiter mit E-Mail,Continue with e-mail,Продолжить с электронной почтой,E-posta ile devam edin,الاستمرار مع البريد الإلكتروني,Continuer avec l'e-mail,ادامه با ایمیل,Ga verder met e-mail,Kontynuuj z e-mailem,Continua con l'email,Продовжуйте електронну пошту,განაგრძეთ ელექტრონული ფოსტით,Continuar con el correo electrónico,Continue com e-mail
LANGUAGE.SELECT.TEXT,Ihre Sprache,Your language,Ваш язык,Sizin diliniz,لغتك,Votre langue,زبان شما,Uw taal,Twój język,La vostra lingua,Твоя мова,Შენი ენა,Tu lenguaje,Seu idioma
LANGUAGE.BOTTOMSHEET.CHOOSE,Wählen Sie Ihre Sprache,Choose your language,Выберите язык,Dilinizi seçin,اختر لغتك,Choisissez votre langue,زبان خود را انتخاب کنید,Kies je taal,Wybierz język,Scegliete la vostra lingua,Виберіть свою мову,აირჩიეთ თქვენი ენა,Elige tu idioma,Escolha o seu idioma
SPLASHSCREEN.WELCOME.TEXT,Willkommen bei FeverApp,Welcome to FeverApp,Добро пожаловать в FeverApp,FeverApp'a Hoş Geldiniz,مرحبًا بك في FeverApp,Bienvenue à FeverApp,خوش آمدید به FeverApp,Welkom bij FeverApp,Witamy w FeverApp,Benvenuti a FeverApp,Ласкаво просимо до лихоманки,კეთილი იყოს თქვენი მობრძანება Feverapp- ში,Bienvenido a FeverApp,Bem -vindo ao FeverApp
COUNTRY.SELECT.TEXT,Ihr Land,Your country,Ваша страна,Sizin ülkeniz,بلدك,Votre pays,کشور شما,Jouw land,Twój kraj,Il vostro paese,Твоя країна,Შენი ქვეყანა,Tu país,Seu país
COUNTRY.INPUT.NOTFOUND,Land nicht gefunden,Country not found,Страна не найдена,Ülke bulunamadı,البلد غير موجود,Pays non trouvé,کشور یافت نشد,Land niet gevonden,Nie znaleziono kraju,Paese non trovato,Країна не знайдена,ქვეყანა ვერ მოიძებნა,País no encontrado,País não encontrado
COUNTRY.BOTTOMSHEET.CHOOSE,Wählen Sie Ihr Land,Choose your country,Выберите страну,Ülkenizi seçin,اختر بلدك,Choisissez votre pays,کشور خود را انتخاب کنید,Kies je land,Wybierz swój kraj,Scegliete il vostro paese,Виберіть свою країну,აირჩიეთ თქვენი ქვეყანა,Elige tu país,Escolha seu país
COUNTRY.BOTTOMSHEET.INPUT,Land suchen,Search country,Страна поиска,Ülke ara,بلد البحث,Rechercher un pays,جستجو کشور,Land zoeken,Wyszukaj kraj,Ricerca per paese,Пошукова країна,მოძებნეთ ქვეყანა,Búsqueda del país,País de pesquisa
LOGIN.PEDIATRIC.CODE.TITLE,Anmeldung mit Kinderarzt-Code,Login with pediatric code,Вход с педиатрическим кодом,Pediatrik kod ile giriş yap,تسجيل الدخول برمز الأطفال,Se connecter avec un code pédiatrique,ورود با کد کودکانه,Inloggen met pediatrische code,Zaloguj się za pomocą kodu pediatrycznego,Accesso con codice pediatrico,Увійдіть з дитячим кодом,შედით პედიატრიული კოდით,Iniciar sesión con código pediátrico,Login com código pediátrico
LOGIN.PEDIATRIC.CODE.TEXT,"Kinderarzt-Code oder die Nummer, die Sie von Ihrem Arzt erhalten haben",Your pediatrician code or number you received from your doctor,"Код вашего педиатра или номер, который вы получили от врача",Çocuk doktoru kodunuz veya doktorunuzdan aldığınız numara,رمز طبيب الأطفال الخاص بك أو الرقم الذي تلقيته من طبيبك,Le code de votre pédiatre ou le numéro que vous avez reçu de votre médecin,"""کد یا شماره پزشک کودکان شما که از پزشک دریافت کرده‌اید""",De code van je kinderarts of het nummer dat je van je arts hebt gekregen,Kod pediatry lub numer otrzymany od lekarza,Il codice del vostro pediatra o il numero che avete ricevuto dal vostro medico,"Ваш педіатр або номер, який ви отримали від лікаря",თქვენი პედიატრის კოდი ან ექიმისგან მიღებული ნომერი,Su código o número de pediatra que recibió de su médico,Seu código de pediatra ou número que você recebeu do seu médico
LOGIN.PEDIATRIC.CODE.INVALID,Ungültiger Kinderarzt-Code,Invalid pediatrician code,Неверный код педиатра,Geçersiz çocuk doktoru kodu,رمز طبيب أطفال غير صالح,Code pédiatre non valide,کد پزشک کودکان معتبر نیست,Ongeldige code kinderarts,Nieprawidłowy kod pediatry,Codice pediatra non valido,Недійсний педіатрський код,არასწორი პედიატრის კოდი,Código de pediatra no válido,Código de pediatra inválido.
LOGIN.FAMILY.CODE.TITLE,Anmeldung mit Familien-Code,Login with family code,Вход с семейным кодом,Aile kodu ile giriş yapın,تسجيل الدخول برمز العائلة,Se connecter avec le code famille,ورود با کد خانواده,Inloggen met familiecode,Zaloguj się za pomocą kodu rodzinnego,Accesso con codice famiglia,Увійдіть із сімейним кодом,შედით ოჯახის კოდით,Iniciar sesión con código familiar,Faça login com o código da família
LOGIN.FAMILY.CODE.TEXT,"Bitte geben Sie den 8-stelligen Familien-Code ein, den Sie von Ihrem Arzt erhalten haben.",Please enter your 8 digits family code received from your doctor,"Введите 8 цифр семейного кода, полученного от врача.",Lütfen doktorunuzdan aldığınız 8 haneli aile kodunuzu giriniz,يُرجى إدخال رمز العائلة المكون من 8 أرقام الذي تم استلامه من طبيبك,Veuillez saisir le code familial à 8 chiffres que vous avez reçu de votre médecin.,لطفاً کد خانوادگی ۸ رقمی که از پزشک دریافت کرده‌اید را وارد کنید.,Voer uw 8-cijferige familiecode in die u van uw arts hebt ontvangen,Wprowadź 8-cyfrowy kod rodziny otrzymany od lekarza.,Inserire il codice famiglia di 8 cifre ricevuto dal medico,"Введіть свій сімейний код 8 цифр, отриманий від лікаря","გთხოვთ, შეიყვანოთ თქვენი ექიმისგან მიღებული თქვენი ოჯახის 8-ნიშნა კოდი",Ingrese su código de familia de 8 dígitos recibido de su médico,"Por favor, digite o seu código familiar de 8 dígitos recebido do seu médico"
LOGIN.EMAIL.TITLE,Anmeldung mit E-Mail,Login with e-mail,Вход с помощью электронной почты,E-posta ile giriş yapın,تسجيل الدخول بالبريد الإلكتروني,Se connecter avec l'e-mail,ورود با ایمیل,Inloggen met e-mail,Logowanie przy użyciu adresu e-mail,Accesso con l'e-mail,Увійти за допомогою електронної пошти,შედით ელექტრონული ფოსტით,Iniciar sesión con correo electrónico,Faça login com e-mail
LOGIN.EMAIL.TEXT1,E-Mail Adresse,E-mail address,Адрес электронной почты,E-posta adresi,عنوان البريد الإلكتروني,Adresse électronique,آدرس ایمیل,E-mailadres,Adres e-mail,Indirizzo e-mail,Адреса електронної пошти,Ელექტრონული მისამართი,Dirección de correo electrónico,Endereço de email
LOGIN.EMAIL.TEXT1.PLACEHOLDER,E-Mail Adresse eingeben,Enter e-mail address,Введите адрес электронной почты,E-posta adresini girin,أدخل عنوان البريد الإلكتروني,Saisir l'adresse électronique,آدرس ایمیل را وارد کنید,E-mailadres invoeren,Wprowadź adres e-mail,Inserire l'indirizzo e-mail,Введіть адресу електронної пошти,Შეიყვანე ელ. ფოსტის მისამართი,Introducir la dirección de correo electrónico,Insira o endereço de e-mail
LOGIN.EMAIL.TEXT2,Passwort,Password,Пароль,Şifre,كلمة المرور,Mot de passe,رمز عبور,Wachtwoord,Hasło,Password,Пароль,პაროლი,Contraseña,Senha
LOGIN.EMAIL.TEXT2.PLACEHOLDER,Passwort eingeben,Enter password,Введите пароль,Şifre girin,أدخل كلمة المرور,Saisir le mot de passe,رمز عبور را وارد کنید,Wachtwoord invoeren,Wprowadź hasło,Inserire la password,Введіть пароль,შეიყვანეთ პაროლი,Introducir la contraseña,Digite a senha
ADD.PROFILE.NAME.PLACEHOLDER,Name eingeben,Enter name,Введите имя,İsim girin,أدخل الاسم,Saisir le nom,نام را وارد کنید,Naam invoeren,Wprowadź nazwę,Inserire il nome,Введіть назву,შეიყვანეთ სახელი,Ingrese su nombre,Insira o nome
ADD.PROFILE.DOB.PLACEHOLDER,Eingabe des Geburtsdatums,Enter date of birth,Введите дату рождения,Doğum tarihini girin,أدخل تاريخ الميلاد,Saisir la date de naissance,تاریخ تولد را وارد کنید,Geboortedatum invoeren,Wprowadź datę urodzenia,Inserire la data di nascita,Введіть дату народження,შეიტანეთ დაბადების თარიღი,Ingrese fecha de nacimiento,Digite a data de nascimento
ADD.PROFILE.PEDIATRICIAN.TITLE,Finden Sie Ihren Kinderarzt,Find your pediatrician,Найдите своего педиатра,Çocuk doktorunuzu bulun,ابحث عن طبيب الأطفال,Trouvez votre pédiatre,پزشک کودکان خود را پیدا کنید,Vind uw kinderarts,Znajdź swojego pediatrę,Trova il tuo pediatra,Знайдіть свого педіатра,იპოვნე შენი პედიატრი,Encuentra a tu pediatra,Encontre seu pediatra
ADD.PROFILE.PEDIATRICIAN.INPUT,Suche Kinderarzt,Search pediatrician,Поиск педиатра,Çocuk doktoru ara,ابحث عن طبيب أطفال,Rechercher un pédiatre,یک پزشک کودکان را جستجو کنید,Kinderarts zoeken,Szukaj pediatry,Ricerca pediatra,Пошук педіатра,მოძებნეთ პედიატრი,Buscar pediatra,PEDIATRICE DE PESQUISA
ADD.PROFILE.PEDIATRICIAN.BUTTON,Kinderarzt hinzufügen,Add pediatrician,Добавить педиатра,Çocuk doktoru ekleyin,إضافة طبيب أطفال,Ajouter un pédiatre,یک پزشک کودکان اضافه کنید,Kinderarts toevoegen,Dodaj pediatrę,Aggiungi un pediatra,Додати педіатра,დაამატეთ პედიატრი,Agregar pediatra,Adicione pediatra
ADD.PEDIATRICIAN.TITLE,Ihren Kinderarzt hinzufügen,Add your pediatrician,Добавьте своего педиатра,Çocuk doktorunuzu ekleyin,أضف طبيب الأطفال,Ajoutez votre pédiatre,پزشک کودکان خود را اضافه کنید,Uw kinderarts toevoegen,Dodaj swojego pediatrę,Aggiungi il tuo pediatra,Додайте свого педіатра,დაამატეთ თქვენი პედიატრი,Agregue su pediatra,Adicione seu pediatra
ADD.PEDIATRICIAN.TEXT1.PLACEHOLDER,Vornamen eingeben,Enter first name,Введите имя и фамилию,İlk adı girin,أدخل الاسم الأول,Saisir le prénom,نام را وارد کنید,Voer voornaam in,Wprowadź imię,Inserire il nome,Введіть ім'я,შეიყვანეთ სახელი,Ingrese el nombre,Introduza o primeiro nome
ADD.PEDIATRICIAN.TEXT2.PLACEHOLDER,Nachname eingeben,Enter last name,Введите фамилию,Soyadı girin,أدخل اسم العائلة,Saisir le nom de famille,نام خانوادگی را وارد کنید,Achternaam invoeren,Wprowadź nazwisko,Inserire il cognome,Введіть прізвище,შეიყვანეთ გვარი,Introduzca el apellido,Insira o último nome
ADD.PEDIATRICIAN.TEXT3.PLACEHOLDER,E-Mail Adresse eingeben,Enter e-mail address,Введите адрес электронной почты,E-posta adresini girin,أدخل عنوان البريد الإلكتروني,Saisir l'adresse électronique,آدرس ایمیل را وارد کنید,E-mailadres invoeren,Wprowadź adres e-mail,Inserire l'indirizzo e-mail,Введіть адресу електронної пошти,Შეიყვანე ელ. ფოსტის მისამართი,Introducir la dirección de correo electrónico,Insira o endereço de e-mail
ADD.PEDIATRICIAN.TEXT4.PLACEHOLDER,Geben Sie Ihre Stadt ein,Enter your city,Введите ваш город,Şehrinizi girin,أدخل مدينتك,Entrez votre ville,شهر خود را وارد کنید,Voer uw stad in,Wpisz swoje miasto,Inserisci la tua città,Введіть своє місто,შედით თქვენს ქალაქში,Entra en tu ciudad,Entre na sua cidade
ADD.PEDIATRICIAN.TEXT5.PLACEHOLDER,Straße und Hausnummer eingeben,Enter street and house number,Введите улицу и номер дома,Sokak ve ev numarasını girin,أدخل رقم الشارع ورقم المنزل,Saisir la rue et le numéro de la maison,خیابان و شماره خانه را وارد کنید,Voer straat en huisnummer in,Wprowadź ulicę i numer domu,Inserire via e numero civico,Введіть номер вулиці та дому,შეიყვანეთ ქუჩის და სახლის ნომერი,Ingrese a la calle y al número de la casa,Entre no número da rua e da casa
ADD.PEDIATRICIAN.TEXT6.PLACEHOLDER,Telefonnummer eingeben,Enter phone number,Введите номер телефона,Telefon numarasını girin,أدخل رقم الهاتف,Saisir le numéro de téléphone,شماره تلفن را وارد کنید,Telefoonnummer invoeren,Wprowadź numer telefonu,Inserire il numero di telefono,Введіть номер телефону,შეიყვანეთ ტელეფონის ნომერი,Ingresa número telefónico,Insira o número de telefone
ADD.PROFILE.RANDOMIZED.TEXT1,"Wir untersuchen zwei Möglichkeiten, mit Fieberkrämpfen umzugehen. Eine Methode besteht darin, das Kind kühl zu halten und das Fieber zu unterdrücken, während die andere Methode darin besteht, das Kind warm zu halten, um das Fieber zu unterstützen.","We are investigating two ways of dealing with fever seizures. One method involves keeping the child cool and suppressing the fever, while the alternative approach entails keeping the child warm to support the fever.","Мы исследуем два способа борьбы с лихорадочными судорогами. Один метод включает в себя сохранение прохлады ребенка и подавление лихорадки, в то время как альтернативный подход предполагает сохранение тепла ребенка для поддержки лихорадки.","Ateş nöbetleriyle başa çıkmanın iki yolu üzerinde araştırma yapıyoruz. Bir yöntem çocuğu serin tutmayı ve ateşi bastırmayı içerirken, alternatif yaklaşım ateşi desteklemek için çocuğu sıcak tutmayı içerir.",نحن نبحث في طريقتين للتعامل مع نوبات الحمى. يتضمن أحد الطرق الاحتفاظ بالطفل باردًا وإخماد الحمى، بينما ينطوي النهج البديل على الاحتفاظ بالطفل دافئًا لدعم الحمى.,"Nous étudions deux façons de traiter les convulsions fébriles. Une méthode consiste à maintenir l'enfant au frais et à supprimer la fièvre, tandis que l'approche alternative implique de maintenir l'enfant au chaud pour soutenir la fièvre.",ما دو روش برای مقابله با تشنج‌های تب را مورد بررسی قرار می‌دهیم. یک روش شامل نگه داشتن کودک خنک و کاهش تب است، در حالی که رویکرد جایگزین شامل نگه داشتن کودک گرم برای حمایت از تب است.,"We onderzoeken twee manieren om koortsstuipen te behandelen. Eén methode houdt in dat het kind koel wordt gehouden en de koorts wordt onderdrukt, terwijl de alternatieve aanpak inhoudt dat het kind warm wordt gehouden om de koorts te ondersteunen.","Badamy dwie metody radzenia sobie z napadami gorączki. Jedna metoda polega na utrzymaniu dziecka w chłodzie i tłumieniu gorączki, podczas gdy alternatywne podejście polega na utrzymywaniu dziecka w cieple, aby wspierać gorączkę.","Stiamo investigando due modi per affrontare le convulsioni febbrili. Un metodo implica il mantenimento del bambino al fresco e la soppressione della febbre, mentre l'approccio alternativo comporta il mantenimento del bambino al caldo per sostenere la febbre.","Ми досліджуємо два способи боротьби з захворюваннями лихоманки.Один із методів передбачає збереження дитини прохолодною та придушенням лихоманки, тоді як альтернативний підхід тягне за собою збереження дитини теплою для підтримки лихоманки.","ჩვენ ვიძიებთ ცხელების კრუნჩხვებთან გამკლავების ორ გზას.ერთი მეთოდი გულისხმობს ბავშვის გაცივებას და ცხელების ჩახშობას, ხოლო ალტერნატიული მიდგომა გულისხმობს ბავშვის თბილობას ცხელების მხარდასაჭერად.","Estamos investigando dos formas de lidiar con las convulsiones de la fiebre.Un método implica mantener al niño fresco y suprimir la fiebre, mientras que el enfoque alternativo implica mantener al niño caliente para apoyar la fiebre.","Estamos investigando duas maneiras de lidar com crises de febre.Um método envolve manter a criança esfriar e suprimir a febre, enquanto a abordagem alternativa implica manter a criança aquecida para apoiar a febre."
ADD.PROFILE.RANDOMIZED.TEXT2,Möchten Sie an dieser Studie teilnehmen?,Are you wllling to take part in this study?,Хотите ли вы принять участие в этом исследовании?,Bu çalışmaya katılmak ister misiniz?,هل ترغب في المشاركة في هذه الدراسة؟,Souhaitez-vous participer à cette étude ?,آیا مایل به شرکت در این مطالعه هستید؟,Wil je deelnemen aan dit onderzoek?,Czy chcesz wziąć udział w tym badaniu?,Desidera partecipare a questo studio?,Чи бажаєте ви взяти участь у цьому дослідженні?,ამ კვლევაში მონაწილეობის მისაღებად ხართ?,¿Estás parecido a participar en este estudio?,Você está participando de participar deste estudo?
ADD.PROFILE.SUPPRESSION.METHOD,Welche Strategie möchten Sie verfolgen?,Which strategy would you like to follow?,Какой стратегии вы хотели бы придерживаться?,Hangi stratejiyi takip etmek istersiniz?,ما الاستراتيجية التي ترغب في اتباعها؟,Quelle stratégie souhaitez-vous suivre ?,از کدام استراتژی می‌خواهید پیروی کنید؟,Welke strategie wil je volgen?,Którą strategię chciałbyś zastosować?,Quale strategia vorreste seguire?,Яку стратегію ви хотіли б дотримуватися?,რომელი სტრატეგიის დაცვა გსურთ?,¿Qué estrategia te gustaría seguir?,Qual estratégia você gostaria de seguir?
ADD.PROFILE.SUPPRESSION.METHOD1,Abkühlen,Cooling,Охлаждение,Soğutma,التبريد,Refroidissement,سرد کردن,Koeling,Chłodzenie,Raffreddamento,Охолодження,გამაგრილებელი,Enfriamiento,Resfriamento
ADD.PROFILE.SUPPRESSION.METHOD2,Warm halten,Warming,Согревающий,Isınma,الاحترار,Réchauffement,گرم کردن,Verwarmend,Ocieplenie,Riscaldamento,Зігрівання,Დათბობა,Calentamiento,Aquecimento
ADD.PROFILE.FEBRILE.CONVULSION,Hatte {{name}} schon einmal Fieberkrämpfe?,Has {{name}} had febrile convulsions?,Были ли у {{name}} фебрильные судороги?,{{name}}'in ateşli havale geçirme geçmişi var mı?,"""هل لدى {{name}} نوبات تشنج بسبب الحمى؟""",{{name}} a-t-il eu des convulsions fébriles ?,آیا {{name}} به تشنج تبی دچار شده است؟,Heeft {{name}} koortsstuipen gehad?,Czy {{name}} miał drgawki gorączkowe?,{{name}} ha avuto convulsioni febbrili?,Чи були у {{name}} фебрильні судоми?,ჰქონდა თუ არა {{name}}-ს ფებრილური კრუნჩხვები?,¿{{name}} ha tenido convulsiones febriles?,{{name}} teve convulsões febris?
CONTROLS.CONFIRM,Bestätigen,Confirm,Подтвердите,Onaylayın,تأكيد,Confirmez,تایید,Bevestig,Potwierdzenie,Confermare,Підтверджувати,დადასტურება,Confirmar,confirme
ENTRY.TEMPERATURE.WARNING,Warnung: Der Temperaturwert liegt außerhalb des normalen Bereichs,Warning: the temperature value is out of normal range,Предупреждение: значение температуры выходит за пределы нормального диапазона,Uyarı: sıcaklık değeri normal aralığın dışında,تحذير: قيمة درجة الحرارة خارج النطاق الطبيعي,Avertissement : la valeur de la température est en dehors de la plage normale,هشدار: مقدار دما خارج از محدوده طبیعی است.,Waarschuwing: de temperatuurwaarde ligt buiten het normale bereik,Ostrzeżenie: wartość temperatury jest poza normalnym zakresem,Avvertenza: il valore della temperatura non rientra nell'intervallo normale.,ПОПЕРЕДЖЕННЯ: Значення температури не в нормі,გაფრთხილება: ტემპერატურის მნიშვნელობა ნორმალურ დიაპაზონში არ არის,Advertencia: el valor de temperatura está fuera del rango normal,Aviso: o valor da temperatura está fora da faixa normal
ENTRY.VACCINATION.BOTTOMSHEET.CHOOSE,Erhaltene Impfstoffe auswählen,Choose vaccines received,Выберите полученные вакцины,Alınan aşıları seçin,اختيار اللقاحات المتلقاة,Choisir les vaccins reçus,واکسن‌های دریافتی را انتخاب کنی,Kies ontvangen vaccins,Wybór otrzymanych szczepionek,Scegliere i vaccini ricevuti,Виберіть отримані вакцини,შეარჩიეთ მიღებული ვაქცინები,Elija las vacunas recibidas,Escolha vacinas recebidas
ENTRY.DOCTOR.CONTACT.DIAGNOSIS,Erhaltene Diagnose auswählen,Choose Diagnosis received,Выберите полученный диагноз,Alınan Teşhisi Seçin,اختيار التشخيص المستلم,Choisir le diagnostic reçu,تشخیص‌های دریافتی را انتخاب کنید,Kies diagnose ontvangen,Wybierz otrzymaną diagnozę,Scegliere la diagnosi ricevuta,Виберіть Отриманий діагноз,აირჩიეთ მიღებული დიაგნოზი,Elija el diagnóstico recibido,Escolha o diagnóstico recebido
ENTRY.DOCTOR.CONTACT.DIAGNOSIS.OTHER,Welche andere Diagnose hat der Arzt gestellt?,What other diagnosis did the doctor make?,Какой еще диагноз поставил врач?,Doktor başka hangi teşhisi koydu?,ما التشخيصات الأخرى التي أجراها الطبيب؟,Quel autre diagnostic le médecin a-t-il posé ?,دیگر چه تشخیص دیگری توسط پزشک انجام شده است؟,Welke andere diagnose heeft de arts gesteld?,Jaką inną diagnozę postawił lekarz?,Quali altre diagnosi ha fatto il medico?,Який ще діагноз поставив лікар?,რა სხვა დიაგნოზი გააკეთა ექიმმა?,¿Qué otro diagnóstico hizo el médico?,Que outro diagnóstico o médico fez?
DELETE.PROFILE.TEXT,Profil löschen,Delete profile,Удалить профиль,Profil silme,حذف الملف الشخصي,Supprimer le profil,حذف پروفایل,Profiel verwijderen,Usuń profil,Cancellare il profilo,Видалити профіль,წაშალეთ პროფილი,Borrar perfil,Excluir perfil
CONTROLS.CANCEL,Abbrechen,Cancel,Отмена,İptal,إلغاء,Annuler,لغو,Annuleren,Anuluj,Annulla,Скасувати,გაუქმება,Cancelar,Cancelar
CONTROLS.SAVE,Speichern,Save,Сохранить,Kaydet,حفظ,Enregistrer,ذخیره,Opslaan,Zapisz,Salva,Заощадити,Გადარჩენა,Ahorrar,Salvar
APPBAR.ACCOUNT,Konto,Account,Учетная запись,Hesap,حساب,Compte,حساب کاربری,Account,Konto,Account,Рахунок,ანგარიში,Cuenta,Conta
APPBAR.MORE,Mehr,More,Больше,Daha fazla,أكثر,Plus,بیشتر,Meer,Więcej,Di più,Більше,მეტი,Más,Mais
SETTINGS.TITLE,Menü,Menu,Меню,Menü,لقائمة,Menu,منو,Menu,Menu,Menu,Меню,მენიუ,Menú,Cardápio
SETTINGS.EXPORT.FEVERPHASE.TEXT2,"Keine Fieberphasen zum Exportieren vorhanden. Bitte erstellen Sie einen Eintrag zum Exportieren, indem Sie auf das '+'-Symbol auf der Profilkarte im Übersichtsbildschirm klicken.",No fever phases to export \n\n Please create an entry to export by clicking on the '+' icon on the profile card on the overview screen,"Фазы лихорадки для экспорта отсутствуют. Пожалуйста, создайте запись для экспорта, нажав на значок '+' на карточке профиля на обзорном экране.",Dışa aktarılacak ateş dönemi yok. Genel bakış ekranındaki profil kartındaki '+' simgesine tıklayarak dışa aktarılacak bir giriş oluşturun.,لا توجد مراحل حمى للتصدير. يرجى إنشاء إدخال للتصدير عن طريق النقر على رمز '+' على بطاقة الملف الشخصي على شاشة النظرة العامة.,Aucune phase de fièvre à exporter. Veuillez créer une entrée à exporter en cliquant sur l'icône '+' sur la carte de profil sur l'écran d'aperçu.,هیچ فاز تب برای صادر کردن وجود ندارد. لطفاً با کلیک بر روی نماد '+' در کارت پروفایل در صفحه نمای کلی یک ورودی برای صادرات ایجاد کنید.,Geen koortsfases om te exporteren. Maak alstublieft een invoer om te exporteren door op het '+'-pictogram op de profielkaart op het overzichtsscherm te klikken.,"Brak faz gorączki do wyeksportowania. Utwórz wpis do wyeksportowania, klikając na ikonę '+' na karcie profilu na ekranie przeglądu.",Nessuna fase febbrile da esportare. Si prega di creare una voce da esportare cliccando sull'icona '+' sulla scheda del profilo sulla schermata di panoramica.,"Немає фаз лихоманки для експорту \ n \ n Будь ласка, створіть запис для експорту, натиснувши значок '+' на картці профілю на екрані огляду","არ არის ცხელების ფაზები \ n \ n ექსპორტზე, გთხოვთ, შექმნათ ჩანაწერი ექსპორტის მისაღებად","No hay fases de fiebre para exportar \ n \ n, cree una entrada para exportar haciendo clic en el icono '+' en la tarjeta de perfil en la pantalla Descripción general","Sem fases de febre para exportar \ n \ n, por favor, crie uma entrada para exportar clicando no ícone '+' no cartão de perfil na tela Visão geral"
SETTINGS.SETTING,Einstellungen,Settings,Настройки,Ayarlar,الإعدادات,Paramètres,تنظیمات,Instellingen,Ustawienia,Impostazioni,Налаштування,პარამეტრები,Ajustes,Configurações
SETTINGS.DOCUMENT.FEVER.CRAMPS,Fieberkrämpfe dokumentieren,Document fever cramps,Документировать лихорадочные судороги,Ateş nöbetlerini belgele,توثيق تشنجات الحمى,Documenter les convulsions fébriles,ثبت تشنج‌های تب,Koortsstuipen documenteren,Dokumentować drgawki gorączkowe,Documentare le convulsioni febbrili,Документуйте лихоманки,დოკუმენტი ცხელების კრუნჩხვები,Documentar calambres de fiebre,Cólicas de febre do documento
SETTINGS.FEEDBACK.TITLE,Feedback,Feedback,Обратная связь,Geribildirim,ردود الفعل,Retour d'information,بازخورد,Feedback,Opinia,Feedback,Відгук,კავშირი,Comentario,Opinião
SETTINGS.FEEDBACK.SEND.BUTTON,Feedback senden,Send feedback,Отправить обратную связь,Geribildirim gönder,إرسال ردود الفعل,Envoyer des retours d'information,ارسال بازخورد,Feedback versturen,Wyślij opinię,Invia feedback,Надіслати відгук,გამოაგზავნეთ უკუკავშირი,Enviar comentarios,Enviar comentários
SETTINGS.DARKMODE,Nachtmodus,Dark mode,Темный режим,Karanlık mod,الوضع الداكن,Mode sombre,حالت تاریک,Donkere modus,Tryb ciemny,Modalità scura,Темний режим,ბნელი რეჟიმი,Modo oscuro,Modo escuro
OVERVIEW.RECOVERD,Genesen,Recovered,Восстановленные,Kurtarıldı,تم الاسترداد,Rétabli,بازیابی شد,Teruggevorderd,Odzyskane,Recuperato,Відновлений,გამოჯანმრთელდა,Recuperado,Recuperado
OVERVIEW.TIMELINE,Zeitleiste,Timeline,Временная шкала,Zaman Çizelgesi,الجدول الزمني,Chronologie,جدول زمانی,Tijdlijn,Oś czasu,Linea temporale,Хронологія,Ვადები,Línea de tiempo,Linha do tempo
OVERVIEW.CHILD,Kind,child,ребенок,Çocuk,طفل,enfant,کودک,kind,dziecko,bambino,дитина,ბავშვი,niño/a,criança
OVERVIEW.TIME,Zeit,Time,Время,Zaman,الوقت,Heure,زمان,Tijd,Czas,Tempo,Час,დრო,Tiempo,Tempo
OVERVIEW.FEVERPHASE,Anhaltende Fieberphase,Ongoing fever phase,Продолжающаяся фаза лихорадки,Devam eden ateş fazı,مرحلة الحمى المستمرة,Phase de fièvre continue,فاز تب در حال انجام,Koortsfase,Trwająca faza gorączki,Fase febbrile in corso,Тривала фаза лихоманки,მიმდინარე ცხელების ფაზა,Fase de fiebre en curso,Fase de febre em andamento
OVERVIEW.GRAPH,Diagramm,Graph,График,Grafik,رسم بياني,Graphique,نمودار,Grafiek,Wykres,Grafico,Графік,გრაფიკი,Grafico,Gráfico
ENTRY.ADD.RECORD,Eintrag hinzufügen,Add record,Добавить запись,Kayıt ekle,إضافة سجل,Ajouter un enregistrement,رکورد اضافه کنید,Record toevoegen,Dodaj rekord,Aggiungi record,Додайте запис,დაამატეთ ჩანაწერი,Agregar registro,Adicione o registro
ENTRY.CONFIRM,Bestätigen,Confirm,Подтвердите,Onaylayın,تأكيد,Confirmer,تایید,Bevestig,Potwierdzenie,Confermare,Підтверджувати,დადასტურება,Confirmar,confirme
ENTRY.SEARCH.MEDICINE,Medizin suchen,Search medicine,Поисковая медицина,İlaç arama,بحث في الطب,Recherche de médicaments,جستجوی پزشکی,Medicijnen zoeken,Wyszukiwanie leków,Ricerca medicina,Пошук медицини,მოძებნეთ წამალი,Medicina de búsqueda,Medicina de busca
ENTRY.GRANT.PERMISSION,Erlaubnis erteilen,Grant Permission,Разрешение,İzin Verin,منح الإذن,Accorder l'autorisation,اجازه بدهید,Udzielenie zezwolenia,Udzielenie zezwolenia,Concessione del permesso,Надання дозволу,გრანტის ნებართვა,Conceder permiso,Conceder permissão
ENTRY.CAMERA.PERMISSION,Zum Scannen des Barcodes ist eine Kameraerlaubnis erforderlich.,Camera permission is required to scan the barcode.,Для сканирования штрих-кода требуется разрешение камеры,Barkodu taramak için kamera izni gereklidir,مطلوب إذن الكاميرا لمسح الرمز الشريطي .barcode,L'autorisation de l'appareil photo est nécessaire pour scanner le code-barres.,برای اسکن بارکد. اجازه دوربین لازم است,Camera-toestemming is vereist om de .barcode te scannen,Do zeskanowania .barcode wymagane jest zezwolenie kamery,Per la scansione del codice a barre è necessaria l'autorizzazione della fotocamera.,Для сканування штрих -коду потрібен дозвіл на камеру.,კამერის ნებართვა საჭიროა შტრიხ -კოდის სკანირებისთვის.,Se requiere permiso de la cámara para escanear el código de barras.,É necessária permissão da câmera para digitalizar o código de barras.
USER.PROFILE.ENTRIES,Einträge,Entries,Записи,Girişler,المدخلات,Entrées,ورودی های,Inzendingen,Wpisy,Entrate,Записи,ჩანაწერი,Entradas,Entradas
USER.PROFILE.FEVER.PHASES,Fieberphasen,Fever phases,Фазы лихорадки,Ateş evreleri,مراحل الحمى,Phases de la fièvre,مراحل تب,Koorts fasen,Fazy gorączki,Fasi della febbre,Фази лихоманки,ცხელების ფაზები,Fases de la fiebre,Fases de febre
USER.PROFILE.USERS,Benutzer,Users,Пользователи,Kullanıcılar,المستخدمون,Utilisateurs,کاربران,Gebruikers,Użytkownicy,Utenti,Користувачі,მომხმარებლები,usuarios,usuários
USER.PROFILE.DRUGS.LIST,Medikamentenliste,Drugs list,Список лекарств,İlaç listesi,قائمة الأدوية,Liste des médicaments,لیست داروها,Lijst met geneesmiddelen,Lista leków,Elenco dei farmaci,Список наркотиків,წამლების სია,Lista de drogas,Lista de drogas
USER.PROFILE.PERSONAL.INFO,Persönliche Informationen,Personal info,Личная информация,Kişisel bilgi,معلومات شخصية,Informations personnelles,اطلاعات شخصی,Persoonlijke info,Informacje osobiste,Informazioni personali,Особиста інформація,Პირადი ინფორმაცია,"""información personal",Informação pessoal
USER.PROFILE.CONTACT.INFO,Kontaktinformationen,Contact info,Контактная информация,Contact info,معلومات الاتصال,Contact info,اطلاعات تماس,Contactgegevens,Informacje kontaktowe,Informazioni di contatto,Контактна інформація,Საკონტაქტო ინფორმაცია,Datos de contacto,Informações de contato
USER.PROFILE.DELETE.PROFILE,Profil löschen,Delete profile,Удалить профиль,Profil silme,حذف الملف الشخصي,Supprimer le profil,حذف نمایه,Profiel verwijderen,Usuń profil,Cancellare il profilo,Видалити профіль,წაშალეთ პროფილი,Borrar perfil,Excluir perfil
USER.PROFILE.EDIT,Bearbeiten,Edit,Edit,DÜZENLE,تحرير,Modifier,ویرایش کنید,Edit,Edit,Edit,Редагувати,რედაქტირება,Editar,Editar
USER.PROFILE.YEAR.OF.BIRTH,Geburtsjahr,year of birth,год рождения,doğum yılı,سنة الميلاد,année de naissance,سال تولد,geboortejaar,rok urodzenia,anno di nascita,рік народження,დაბადების წელი,año de nacimiento,ano de nascimento
USER.PROFILE.EDUCATIONLEVEL,Bildungsniveau,Education level,Уровень образования,Eğitim seviyesi,المستوى التعليمي,Niveau d'éducation,سطح تحصیلات,Opleidingsniveau,Poziom wykształcenia,Livello di istruzione,Рівень освіти,Განათლების დონე,Nivel de Educación,Nível de educação
USER.PROFILE.NATIONALITY,Nationalität,Nationality,Национальность,Uyruk,الجنسية,Nationalité,ملیت,Nationaliteit,Narodowość,Nazionalità,Національність,ეროვნება,Nacionalidad,Nacionalidade
USER.PROFILE.COUNTRY,Land,Country,Страна,Ülke,البلد,Pays,کشور,Land,Kraj,Paese,Країна,ქვეყანა,País,País
USER.PROFILE.CITY,Stadt,City,Город,Şehir,المدينة,Ville,شهر,Stad,Miasto,Città,Місто,ქალაქი,Ciudad,Cidade
USER.PROFILE.ADDRESS,Adresse,Address,Адрес,Adres,العنوان,Adresse,نشانی,Adres,Adres,Indirizzo,Адреса,მიმართვა,DIRECCIÓN,Endereço
USER.PROFILE.NONE,Keine,None,Нет,Hiçbiri,لا يوجد,Aucun,هیچ یک,Geen,Brak,Nessuno,Жодного,არცერთი,Ninguno,Nenhum
USER.PROFILE.FUNCTIONS,Möchten Sie mehr über die wichtigsten Funktionen der App erfahren?,Would you like to learn more about the most important functions of the app?,Хотите узнать больше о самых важных функциях приложения?,Uygulamanın en önemli işlevleri hakkında daha fazla bilgi edinmek ister misiniz?,هل ترغب في معرفة المزيد عن أهم وظائف التطبيق؟,Voulez-vous en savoir plus sur les principales fonctionnalités de l'application ?,آیا می خواهید در مورد مهمترین عملکردهای برنامه بیشتر بدانید؟,Wil je meer weten over de belangrijkste functies van de app?,Chcesz dowiedzieć się więcej o najważniejszych funkcjach aplikacji?,Volete saperne di più sulle funzioni più importanti dell'app?,Чи хотіли б ви дізнатися більше про найважливіші функції програми?,გსურთ გაიგოთ მეტი პროგრამის ყველაზე მნიშვნელოვან ფუნქციებზე?,¿Le gustaría aprender más sobre las funciones más importantes de la aplicación?,Você gostaria de aprender mais sobre as funções mais importantes do aplicativo?
USER.PROFILE.START,Start,Start,Начало,Başlangıç,ابدأ,Démarrage,شروع کنید,Start,Start,Inizio,Почати,დასაწყისი,Comenzar,Começar
USER.PROFILE,Gebruikersprofiel,User Profile,Профиль пользователя,Kullanıcı Profili,ملف تعريف المستخدم,Profil d'utilisateur,مشخصات کاربر,Gebruikersprofiel,Profil użytkownika,Profilo utente,Профіль користувача,Მომხმარებლის პროფილი,Perfil del usuario,Perfil de usuário
ENTRY.BOTTOMSHEET.INFO,Eintragsinformationen,Entry info,Информация о записи,Giriş bilgis,معلومات الإدخال,Informations sur l'entrée,اطلاعات ورودی,Invoerinformatie,Informacje o wpisie,Informazioni di inserimento,Інформація про введення,შესვლის ინფორმაცია,Información de entrada,Informações de entrada
ENTRY.BOTTOMSHEET.SUMMARY,Eintragszusammenfassung,Entry summary,Краткое описание записи,Giriş özeti,ملخص الإدخال,Résumé de l'entrée,خلاصه ورودی,Invoersamenvatting,Podsumowanie wpisu,Sommario dell'inserimento,Підсумок вступу,შესვლის რეზიუმე,Resumen de entrada,Resumo da entrada
ENTRY.BOTTOMSHEET.EDIT,Eintrag bearbeiten,Edit entry,Редактировать запись,Girişi düzenle,تحرير الإدخال,Modifier l'entrée,ویرایش ورودی,Invoer bewerken,Edytuj wpis,Modifica inserimento,Редагувати запис,ჩანაწერის რედაქტირება,Editar entrada,Editar entrada
ENTRY.BOTTOMSHEET.DELETE,Zusammenfassung löschen,Delete summary,Удалить сводку,Özeti sil,حذف الملخص,Supprimer le résumé,حذف خلاصه,Samenvatting verwijderen,Usuń podsumowanie,Elimina sommario,Видалити резюме,წაშალეთ რეზიუმე,Eliminar resumen,Excluir resumo
TOUR.STEP.1,Schritt 1 von 5,Step 1 of 5,Шаг 1 из 5,Adım 1 / 5,الخطوة 1 من 5,Étape 1 sur 5,مرحله 1 از 5,Stap 1 van 5,Krok 1 z 5,Passaggio 1 di 5,Крок 1 з 5,ნაბიჯი 1 -დან 1,Paso 1 de 5,Etapa 1 de 5
TOUR.STEP.2,Schritt 2 von 5,Step 2 of 5,Шаг 2 из 5,Adım 2 / 5,الخطوة 2 من 5,Étape 2 sur 5,مرحله 2 از 5,Stap 2 van 5,Krok 2 z 5,Passaggio 2 di 5,Крок 2 із 5,ნაბიჯი 2 -დან 2 -დან,Paso 2 de 5,Etapa 2 de 5
TOUR.STEP.3,Schritt 3 von 5,Step 3 of 5,Шаг 3 из 5,Adım 3 / 5,الخطوة 3 من 5,Étape 3 sur 5,مرحله 3 از 5,Stap 3 van 5,Krok 3 z 5,Passaggio 3 di 5,Крок 3 з 5,ნაბიჯი 3 -დან 3,Paso 3 de 5,Etapa 3 de 5
TOUR.STEP.4,Schritt 4 von 5,Step 4 of 5,Шаг 4 из 5,Adım 4 / 5,الخطوة 4 من 5,Étape 4 sur 5,مرحله 4 از 5,Stap 4 van 5,Krok 4 z 5,Passaggio 4 di 5,Крок 4 з 5,ნაბიჯი 4 -დან 4,Paso 4 de 5,Etapa 4 de 5
TOUR.STEP.5,Schritt 5 von 5,Step 5 of 5,Шаг 5 из 5,Adım 5 / 5,الخطوة 5 من 5,Étape 5 sur 5,مرحله 5 از 5,Stap 5 van 5,Krok 5 z 5,Passaggio 5 di 5,Крок 5 з 5,ნაბიჯი 5 -დან 5,Paso 5 de 5,Etapa 5 de 5
CHILD.RECOVERED,{{name}} hat sich erholt,{{name}} has recovered,{{name}} выздоровел(а),{{name}} iyileşti,{{name}} تعافى,{{name}} s'est rétabli(e),{{name}} بهبود یافت,{{name}} is hersteld,{{name}} wyzdrowiał(a),{{name}} si è ripreso(a),{{name}} одужав,{{name}} გამოჯანმრთელდა,{{name}} se ha recuperado,{{name}} se recuperou
PROFILE.FEVERSEIZURE,Hat {{name}} jemals einen Fieberkrampf gehabt?,Has {{name}} ever had a fever seizure?,{{name}} когда-либо испытывал судороги при высокой температуре?,{{name}}'in ateş nöbeti geçirme durumu oldu mu hiç?,هل سبق لـ {{name}} أن تعرّض لنوبة حمى؟,{{name}} a-t-il déjà eu une convulsion fébrile ?,آیا {{name}} تا به حال تشنج تب داشته است؟,Heeft {{name}} ooit een koortsstuip gehad?,Czy {{name}} kiedykolwiek miał drgawki gorączkowe?,{{name}} ha mai avuto una convulsione febbrile?,У {{name}} коли -небудь був напад лихоманки?,თუ ოდესმე ჰქონია {{name}} სიცხით გამოწვეული შეტევა?,¿Ha tenido {{name}} alguna vez una convulsión de fiebre?,O {{name}} já teve uma convulsão de febre?
NO_FEVER_PHASE,"Keine Fieberphase","No fever phase","Нет фазы лихорадки","Ateş evresi yok","لا توجد مرحلة حمى","Pas de phase de fièvre","بدون مرحله تب","Geen koorts fase","Brak fazy gorączki","Nessuna fase di febbre","Немає фази лихоманки","ცხელების ფაზა არ არის","No hay fase de fiebre","Sem fase de febre"
PROFILE.SICK,Krank,Sick,Больной,Hasta,مريض,Malade,بیمار,Ziek,Chory,Malato,Хворий,ავადმყოფი,Enfermo,Doente
PROFILE.HEALTHY,Gesund,Healthy,Здоровый,Sağlıklı,صحي,En bonne santé,سالم,Gezond,Zdrowy,Sano,Здоровий,ჯანმრთელი,Sano,Saudável
PROFILE.ADD_ENTRY,Eintrag hinzufügen,Add Entry,Добавить запись,Giriş Ekle,إضافة مدخل,Ajouter une entrée,افزودن ورودی,Invoer toevoegen,Dodaj wpis,Aggiungi voce,Додати запис,ჩაწერის დამატება,Añadir entrada,Adicionar entrada
DIARY.TEMPERATURE.INJECTION_VACCINE.OPTION.1.LABEL,Act-Hib,Act-Hib,Act-Hib,Act-Hib,Act-Hib,Act-Hib,Act-Hib,Act-Hib,Act-Hib,Act-Hib,Act-Hib,Ato-Hib,Act-Hib,Act-Hib
DIARY.TEMPERATURE.INJECTION_VACCINE.OPTION.89.LABEL,Apexxnar,Apexxnar,Apexxnar,Apexxnar,Apexxnar,Apexxnar,Apexxnar,Apexxnar,Apexxnar,Apexxnar,Apexxnar,Apexxnar,Apexxnar,Apexxnar
DIARY.TEMPERATURE.INJECTION_VACCINE.OPTION.87.LABEL,Bexsero,Bexsero,Bexsero,Bexsero,Bexsero,Bexsero,Bexsero,Bexsero,Bexsero,Bexsero,Bexsero,Bexsero,Bexsero,Bexsero
DIARY.TEMPERATURE.INJECTION_VACCINE.OPTION.88.LABEL,Beyfortus,Beyfortus,Beyfortus,Beyfortus,Beyfortus,Beyfortus,Beyfortus,Beyfortus,Beyfortus,Beyfortus,Beyfortus,Beyfortus,Beyfortus,Beyfortus
DIARY.TEMPERATURE.INJECTION_VACCINE.OPTION.2.LABEL,Boostrix,Boostrix,Boostrix,Boostrix,Boostrix,Boostrix,Boostrix,Boostrix,Boostrix,Boostrix,Boostrix,Boosttrix,Boostrix,Boostrix
DIARY.TEMPERATURE.INJECTION_VACCINE.OPTION.3.LABEL,Boostrix Polio,Boostrix Polio,Boostrix Polio,Boostrix Polio,Boostrix Polio,Boostrix Polio,Boostrix Polio,Boostrix Polio,Boostrix Polio,Boostrix Polio,Boostrix Polio,Boostrix Polio,Boostrix Polio,Boostrix Polio
DIARY.TEMPERATURE.INJECTION_VACCINE.OPTION.4.LABEL,Cervavix,Cervavix,Cervavix,Cervavix,Cervavix,Cervavix,Cervavix,Cervavix,Cervavix,Cervavix,Cervavix,Cervarix,Cervavix,Cervavix
DIARY.TEMPERATURE.INJECTION_VACCINE.OPTION.81.LABEL,COVID-19 - Vaccine (irgendeines),COVID-19 - Vaccine (anyone),COVID-19 - Vaccine (любая),COVID-19 - Aşı (herkes),التطعيم ضد كورونا (أي),COVID-19 - Vaccins (tout),واکسیناسیون کرونا (هرگونه),COVID-19 - Vaccin (alle),COVID-19 - Szczepionka (dowolna),vaccino COVID-19 (qualunque),COVID-19 - Vaccine (будь-яка),COVID-19 - ვაქცინა (ნებისმიერი),COVID-19 - Vacuna (cualquiera),COVID-19 - Vacina (qualquer)
DIARY.TEMPERATURE.INJECTION_VACCINE.OPTION.82.LABEL,COVID-19 - Vaxzevria (Astra Zeneca),COVID-19 - Vaxzevria (Astra Zeneca),COVID-19 - Vaxzevria (Astra Zeneca),COVID-19 - Vaxzevria (Astra Zeneca),COVID-19 - Vaxzevria (Astra Zeneca),COVID-19 - Vaxzevria (Astra Zeneca),COVID-19 - Vaxzevria (Astra Zeneca),COVID-19 - Vaxzevria (Astra Zeneca),COVID-19 - Vaxzevria (Astra Zeneca),COVID-19 - Vaxzevria (Astra Zeneca),COVID-19 - Vaxzevria (Astra Zeneca),COVID-19 - Vaxzevria (Astra Zeneca),COVID-19 - Vaxzevria (Astra Zeneca),COVID-19 - Vaxzevria (Astra Zeneca)
DIARY.TEMPERATURE.INJECTION_VACCINE.OPTION.83.LABEL,COVID-19 - Comirnaty (BioNTech),COVID-19 - Comirnaty (BioNTech),COVID-19 - Comirnaty (BioNTech),COVID-19 - Comirnaty (BioNTech),COVID-19 - Comirnaty (BioNTech),COVID-19 - Comirnaty (BioNTech),COVID-19 - Comirnaty (BioNTech),COVID-19 - Comirnaty (BioNTech),COVID-19 - Comirnaty (BioNTech),COVID-19 - Comirnaty (BioNTech),COVID-19 - Comirnaty (BioNTech),COVID-19 - Comirnaty (BioNTech),COVID-19 - Comirnaty (BioNTech),COVID-19 - Comirnaty (BioNTech)
DIARY.TEMPERATURE.INJECTION_VACCINE.OPTION.84.LABEL,COVID-19 - Spikevax (Moderna),COVID-19 - Spikevax (Moderna),COVID-19 - Spikevax (Moderna),COVID-19 - Spikevax (Moderna),COVID-19 - Spikevax (Moderna),COVID-19 - Spikevax (Moderna),COVID-19 - Spikevax (Moderna),COVID-19 - Spikevax (Moderna),COVID-19 - Spikevax (Moderna),COVID-19 - Spikevax (Moderna),COVID-19 - Spikevax (Moderna),COVID-19 - Spikevax (Moderna),COVID-19 - Spikevax (Moderna),COVID-19 - Spikevax (Moderna)
DIARY.TEMPERATURE.INJECTION_VACCINE.OPTION.85.LABEL,COVID-19 - Vaccine (Janssen),COVID-19 - Vaccine (Janssen),COVID-19 - Vaccine (Janssen),COVID-19 - Vaccine (Janssen),COVID-19 - Vaccine (Janssen),COVID-19 - Vaccine (Janssen),COVID-19 - Vaccine (Janssen),COVID-19 - Vaccine (Janssen),COVID-19 - szczepionka (Janssen),COVID-19 - Vaccine (Janssen),COVID-19 - Vaccine (Janssen),COVID-19 - Vaccine (Janssen),COVID-19 - Vaccine (Janssen),COVID-19 - Vaccine (Janssen)
DIARY.TEMPERATURE.INJECTION_VACCINE.OPTION.86.LABEL,COVID-19 - Sputnik V (Biocad),COVID-19 - Sputnik V (Biocad),COVID-19 - Sputnik V (Biocad),COVID-19 - Sputnik V (Biocad),COVID-19 - Sputnik V (Biocad),COVID-19 - Sputnik V (Biocad),COVID-19 - Sputnik V (Biocad),COVID-19 - Sputnik V (Biocad),COVID-19 - Sputnik V (Biocad),COVID-19 - Sputnik V (Biocad),COVID-19 - Sputnik V (Biocad),COVID-19 - Sputnik V (Biocad),COVID-19 - Sputnik V (Biocad),COVID-19 - Sputnik V (Biocad)
DIARY.TEMPERATURE.INJECTION_VACCINE.OPTION.5.LABEL,Covaxis,Covaxis,Covaxis,Covaxis,Covaxis,Covaxis,Covaxis,Covaxis,Covaxis,Covaxis,Covaxis,Covaxis,Covaxis,Covaxis
DIARY.TEMPERATURE.INJECTION_VACCINE.OPTION.6.LABEL,Dipheterie NF,Dipheterie NF,Dipheterie NF,Dipheterie NF,Dipheterie NF,Dipheterie NF,Dipheterie NF,Dipheterie NF,Dipheterie NF,Dipheterie NF,Dipheterie NF,Dipheterie NF,Dipheterie NF,Dipheterie NF
DIARY.TEMPERATURE.INJECTION_VACCINE.OPTION.7.LABEL,Dukoral,Dukoral,Dukoral,Dukoral,Dukoral,Dukoral,Dukoral,Dukoral,Dukoral,Dukoral,Dukoral,Dukoral,Dukoral,Dukoral
DIARY.TEMPERATURE.INJECTION_VACCINE.OPTION.8.LABEL,Encepur Erwachsene,Encepur adults,Encepur Erwachsene,Encepur Yetişkin,Encepur راشدون,Encepur adultes,Encepur بزرگسالان,Encepur volwassenen,Encepur Erwachsene,Encepur adulti,Encepur Erwachsene,Encepur Erwachsene,Encepur Erwachsene,Encepur Erwachsene
DIARY.TEMPERATURE.INJECTION_VACCINE.OPTION.9.LABEL,Encepur Kinder,Encepur children,Encepur Kinder,Encepur Çocuk,Encepur أطفال,Encepur enfants,Encepur کودکان,Encepur kinderen,Encepur Kinder,Encepur bambini,Encepur Kinder,Encepur Kinder,Encepur Kinder,Encepur Kinder
DIARY.TEMPERATURE.INJECTION_VACCINE.OPTION.10.LABEL,Engerix-B Erwachsene,Engerix B adults,Engerix-B Erwachsene,Engerix-B Yetişkin,Engerix-B راشدون,Engerix-B adultes,Engerix-B بزرگسالان,Engerix-B volwassenen,Engerix-B Erwachsene,Engerix-B adulti,Engerix-B Erwachsene,Engerix-B Erwachsene,Engerix-B Erwachsene,Engerix-B Erwachsene
DIARY.TEMPERATURE.INJECTION_VACCINE.OPTION.11.LABEL,Engerix-B Kinder,Engerix B children,Engerix-B Kinder,Engerix-B Çocuk,Engerix-B أطفال,Engerix-B enfants,Engerix-B کودکان,Engerix-B kinderen,Engerix-B Kinder,Engerix-B bambini,Engerix-B Kinder,Engerix-B Kinder,Engerix-B Kinder,Engerix-B Kinder
DIARY.TEMPERATURE.INJECTION_VACCINE.OPTION.12.LABEL,Fluad,Fluad,Fluad,Fluad,Fluad,Fluad,Fluad,Fluad,Fluad,Fluad,Fluad,Fluad,Fluad,Fluad
DIARY.TEMPERATURE.INJECTION_VACCINE.OPTION.13.LABEL,FSME-Immun Erwachsene,FSME-Immun Adult,FSME-Immun Erwachsene,FSME-Immun Yetişkin,FSME-Immun راشدون,FSME-Immun adultes,FSME-Immun بزرگسالان,FSME-Immun volwassenen,FSME-Immun Erwachsene,FSME-Immun adulti,FSME-Immun Erwachsene,FSME-Immun Erwachsene,FSME-Immun Erwachsene,FSME-Immun Erwachsene
DIARY.TEMPERATURE.INJECTION_VACCINE.OPTION.14.LABEL,FSME-IMMUN Junior,FSME-IMMUN Junior,FSME-IMMUN Junior,FSME-IMMUN Junior,FSME-IMMUN أطفال,FSME-IMMUN Junior,FSME-IMMUN Junior,FSME-IMMUN Junior,FSME-IMMUN Junior,FSME-IMMUN Junior,FSME-IMMUN Junior,FSME-IMMUN Junior,FSME-IMMUN Junior,FSME-IMMUN Junior
DIARY.TEMPERATURE.INJECTION_VACCINE.OPTION.15.LABEL,Gardasil,Gardasil,Gardasil,Gardasil,Gardasil,Gardasil,Gardasil,Gardasil,Gardasil,Gardasil,Gardasil,Gardasil,Gardasil,Gardasil
DIARY.TEMPERATURE.INJECTION_VACCINE.OPTION.80.LABEL,Grippeimpfung,Flu Vaccination,Вакцинация против гриппа,Grip Aşısı,لقاح الإنفلونزا,Vaccination contre la grippe,واکسیناسیون آنفولانزا,Griepvaccinatie,Grippeimpfung,vaccino per l'influenza,Grippeimpfung,Grippeimpfung,Grippeimpfung,Grippeimpfung
DIARY.TEMPERATURE.INJECTION_VACCINE.OPTION.16.LABEL,HAVpur,HAVpur,HAVpur,HAVpur,HAVpur,HAVpur,HAVpur,HAVpur,HAVpur,HAVpur,HAVpur,HAVpur,HAVpur,HAVpur
DIARY.TEMPERATURE.INJECTION_VACCINE.OPTION.17.LABEL,Havrix 1440 Erwachsene,Havrix 1440 adults,Havrix 1440 Erwachsene,Havrix 1440 Yetişkin,Havrix 1440 راشدون,Havrix 1440 adultes,Havrix 1440 بزرگسالان,Havrix 1440 volwassenen,Havrix 1440 Erwachsene,Havrix 1440 adulti,Havrix 1440 Erwachsene,Havrix 1440 Erwachsene,Havrix 1440 Erwachsene,Havrix 1440 Erwachsene
DIARY.TEMPERATURE.INJECTION_VACCINE.OPTION.18.LABEL,Havrix 730 Kinder,Havrix 730 children,Havrix 730 Kinder,Havrix 730 Çocuk,Havrix 730 أطفال,Havrix 1440 enfants,Havrix 730 کودکان,Havrix 730 kinderen,Havrix 730 Kinder,Havrix 730 bambini,Havrix 730 Kinder,Havrix 730 Kinder,Havrix 730 Kinder,Havrix 730 Kinder
DIARY.TEMPERATURE.INJECTION_VACCINE.OPTION.19.LABEL,HBVAXPRO,HBVAXPRO,HBVAXPRO,HBVAXPRO,HBVAXPRO,HBVAXPRO,HBVAXPRO,HBVAXPRO,HBVAXPRO,HBVAXPRO,HBVAXPRO,HBVAXPRO,HBVAXPRO,HBVAXPRO
DIARY.TEMPERATURE.INJECTION_VACCINE.OPTION.20.LABEL,Hexacima,Hexacima,Hexacima,Hexacima,Hexacima,Hexacima,Hexacima,Hexacima,Hexacima,Hexacima,Hexacima,Hexacima,Hexacima,Hexacima
DIARY.TEMPERATURE.INJECTION_VACCINE.OPTION.21.LABEL,Hexyon,Hexyon,Hexyon,Hexyon,Hexyon,Hexyon,Hexyon,Hexyon,Hexyon,Hexyon,Hexyon,Hexyon,Hexyon,Hexyon
DIARY.TEMPERATURE.INJECTION_VACCINE.OPTION.22.LABEL,Imovax Polio,Imovax Polio,Imovax Polio,Imovax Polio,Imovax Polio,Imovax Polio,Imovax Polio,Imovax Polio,Imovax Polio,Imovax Polio,Imovax Polio,Imovax Polio,Imovax Polio,Imovax Polio
DIARY.TEMPERATURE.INJECTION_VACCINE.OPTION.23.LABEL,IMOVAX POLIO,IMOVAX POLIO,IMOVAX POLIO,IMOVAX POLIO,IMOVAX POLIO,IMOVAX POLIO,IMOVAX POLIO,IMOVAX POLIO,IMOVAX POLIO,IMOVAX POLIO,IMOVAX POLIO,IMOVAX POLIO,IMOVAX POLIO,IMOVAX POLIO
DIARY.TEMPERATURE.INJECTION_VACCINE.OPTION.24.LABEL,Infanrix,Infanrix,Infanrix,Infanrix,Infanrix,Infanrix,Infanrix,Infanrix,Infanrix,Infanrix,Infanrix,Infanrix,Infanrix,Infanrix
DIARY.TEMPERATURE.INJECTION_VACCINE.OPTION.25.LABEL,Infanrix hexa,Infanrix hexa,Infanrix hexa,Infanrix hexa,Infanrix hexa,Infanrix hexa,Infanrix hexa,Infanrix hexa,Infanrix hexa,Infanrix hexa,Infanrix hexa,Infanrix hexa,Infanrix hexa,Infanrix hexa
DIARY.TEMPERATURE.INJECTION_VACCINE.OPTION.26.LABEL,Infanrix-IPV + Hib,Infanrix-IPV + Hib,Infanrix-IPV + Hib,Infanrix-IPV + Hib,Infanrix-IPV + Hib,Infanrix-IPV + Hib,Infanrix-IPV + Hib,Infanrix-IPV + Hib,Infanrix-IPV + Hib,Infanrix-IPV + Hib,Infanrix-IPV + Hib,Infanrix-IPV + Hib,Infanrix-IPV + Hib,Infanrix-IPV + Hib
DIARY.TEMPERATURE.INJECTION_VACCINE.OPTION.27.LABEL,Influspit Tetra,Influspit Tetra,Influspit Tetra,Influspit Tetra,Influspit Tetra,Influspit Tetra,Influspit Tetra,Influspit Tetra,Influspit Tetra,Influspit Tetra,Influspit Tetra,Influspit Tetra,Influspit Tetra,Influspit Tetra
DIARY.TEMPERATURE.INJECTION_VACCINE.OPTION.28.LABEL,IPV Mérieux,IPV Mérieux,IPV Mérieux,IPV Mérieux,IPV Mérieux,IPV Mérieux,IPV Mérieux,IPV Mérieux,IPV Mérieux,IPV Mérieux,IPV Mérieux,IPV Mérieux,IPV Mérieux,IPV Mérieux
DIARY.TEMPERATURE.INJECTION_VACCINE.OPTION.29.LABEL,IXIARO,IXIARO,IXIARO,IXIARO,IXIARO,IXIARO,IXIARO,IXIARO,IXIARO,IXIARO,IXIARO,IXIARO,IXIARO,IXIARO
DIARY.TEMPERATURE.INJECTION_VACCINE.OPTION.30.LABEL,Masern Mérieux,Masern Mérieux,Masern Mérieux,Masern Mérieux,Masern Mérieux,Masern Mérieux,Masern Mérieux,Masern Mérieux,Masern Mérieux,Masern Mérieux,Masern Mérieux,Masern Mérieux,Masern Mérieux,Masern Mérieux
DIARY.TEMPERATURE.INJECTION_VACCINE.OPTION.31.LABEL,Meningitec,Meningitec,Meningitec,Meningitec,Meningitec,Meningitec,Meningitec,Meningitec,Meningitec,Meningitec,Meningitec,Meningitec,Meningitec,Meningitec
DIARY.TEMPERATURE.INJECTION_VACCINE.OPTION.32.LABEL,Menjugate,Menjugate,Menjugate,Menjugate,Menjugate,Menjugate,Menjugate,Menjugate,Menjugate,Menjugate,Menjugate,Menjugate,Menjugate,Menjugate
DIARY.TEMPERATURE.INJECTION_VACCINE.OPTION.91.LABEL,MenQuadfi,MenQuadfi,MenQuadfi,MenQuadfi,MenQuadfi,MenQuadfi,MenQuadfi,MenQuadfi,MenQuadfi,MenQuadfi,MenQuadfi,MenQuadfi,MenQuadfi,MenQuadfi
DIARY.TEMPERATURE.INJECTION_VACCINE.OPTION.33.LABEL,Menveo,Menveo,Menveo,Menveo,Menveo,Menveo,Menveo,Menveo,Menveo,Menveo,Menveo,Menveo,Menveo,Menveo
DIARY.TEMPERATURE.INJECTION_VACCINE.OPTION.34.LABEL,MMR-VaxPro,MMR-VaxPro,MMR-VaxPro,MMR-VaxPro,MMR-VaxPro,MMR-VaxPro,MMR-VaxPro,MMR-VaxPro,MMR-VaxPro,MMR-VaxPro,MMR-VaxPro,MMR-VaxPro,MMR-VaxPro,MMR-VaxPro
DIARY.TEMPERATURE.INJECTION_VACCINE.OPTION.35.LABEL,NeisVacC,NeisVacC,NeisVacC,NeisVacC,NeisVacC,NeisVacC,NeisVacC,NeisVacC,NeisVacC,NeisVacC,NeisVacC,NeisVacC,NeisVacC,NeisVacC
DIARY.TEMPERATURE.INJECTION_VACCINE.OPTION.36.LABEL,Nimenrix,Nimenrix,Nimenrix,Nimenrix,Nimenrix,Nimenrix,Nimenrix,Nimenrix,Nimenrix,Nimenrix,Nimenrix,Nimenrix,Nimenrix,Nimenrix
DIARY.TEMPERATURE.INJECTION_VACCINE.OPTION.37.LABEL,Pentavac,Pentavac,Pentavac,Pentavac,Pentavac,Pentavac,Pentavac,Pentavac,Pentavac,Pentavac,Pentavac,Pentavac,Pentavac,Pentavac
DIARY.TEMPERATURE.INJECTION_VACCINE.OPTION.38.LABEL,Pneumovax 23,Pneumovax 23,Pneumovax 23,Pneumovax 23,Pneumovax 23,Pneumovax 23,Pneumovax 23,Pneumovax 23,Pneumovax 23,Pneumovax 23,Pneumovax 23,Pneumovax 23,Pneumovax 23,Pneumovax 23
DIARY.TEMPERATURE.INJECTION_VACCINE.OPTION.39.LABEL,Prevenar13,Prevenar13,Prevenar13,Prevenar13,Prevenar13,Prevenar13,Prevenar13,Prevenar13,Prevenar13,Prevenar13,Prevenar13,Prevenar13,Prevenar13,Prevenar13
DIARY.TEMPERATURE.INJECTION_VACCINE.OPTION.40.LABEL,Priorix,Priorix,Priorix,Priorix,Priorix,Priorix,Priorix,Priorix,Priorix,Priorix,Priorix,Priorix,Priorix,Priorix
DIARY.TEMPERATURE.INJECTION_VACCINE.OPTION.41.LABEL,Priorix-Tetra,Priorix-Tetra,Priorix-Tetra,Priorix-Tetra,Priorix-Tetra,Priorix-Tetra,Priorix-Tetra,Priorix-Tetra,Priorix-Tetra,Priorix-Tetra,Priorix-Tetra,Priorix-Tetra,Priorix-Tetra,Priorix-Tetra
DIARY.TEMPERATURE.INJECTION_VACCINE.OPTION.42.LABEL,ProQuad,ProQuad,ProQuad,ProQuad,ProQuad,ProQuad,ProQuad,ProQuad,ProQuad,ProQuad,ProQuad,ProQuad,ProQuad,ProQuad
DIARY.TEMPERATURE.INJECTION_VACCINE.OPTION.43.LABEL,Rabipur,Rabipur,Rabipur,Rabipur,Rabipur,Rabipur,Rabipur,Rabipur,Rabipur,Rabipur,Rabipur,Rabipur,Rabipur,Rabipur
DIARY.TEMPERATURE.INJECTION_VACCINE.OPTION.44.LABEL,Repevax,Repevax,Repevax,Repevax,Repevax,Repevax,Repevax,Repevax,Repevax,Repevax,Repevax,Repevax,Repevax,Repevax
DIARY.TEMPERATURE.INJECTION_VACCINE.OPTION.45.LABEL,Revaxis,Revaxis,Revaxis,Revaxis,Revaxis,Revaxis,Revaxis,Revaxis,Revaxis,Revaxis,Revaxis,Revaxis,Revaxis,Revaxis
DIARY.TEMPERATURE.INJECTION_VACCINE.OPTION.46.LABEL,Rotarix,Rotarix,Rotarix,Rotarix,Rotarix,Rotarix,Rotarix,Rotarix,Rotarix,Rotarix,Rotarix,Rotarix,Rotarix,Rotarix
DIARY.TEMPERATURE.INJECTION_VACCINE.OPTION.47.LABEL,RotaTEq,RotaTEq,RotaTEq,RotaTEq,RotaTEq,RotaTEq,RotaTEq,RotaTEq,RotaTEq,RotaTEq,RotaTEq,RotaTEq,RotaTEq,RotaTEq
DIARY.TEMPERATURE.INJECTION_VACCINE.OPTION.48.LABEL,Shingrix,Shingrix,Shingrix,Shingrix,Shingrix,Shingrix,Shingrix,Shingrix,Shingrix,Shingrix,Shingrix,Shingrix,Shingrix,Shingrix
DIARY.TEMPERATURE.INJECTION_VACCINE.OPTION.49.LABEL,Stamaril,Stamaril,Stamaril,Stamaril,Stamaril,Stamaril,Stamaril,Stamaril,Stamaril,Stamaril,Stamaril,Stamaril,Stamaril,Stamaril
DIARY.TEMPERATURE.INJECTION_VACCINE.OPTION.50.LABEL,Synagis,Synagis,Synagis,Synagis,Synagis,Synagis,Synagis,Synagis,Synagis,Synagis,Synagis,Synagis,Synagis,Synagis
DIARY.TEMPERATURE.INJECTION_VACCINE.OPTION.51.LABEL,Synflorix,Synflorix,Synflorix,Synflorix,Synflorix,Synflorix,Synflorix,Synflorix,Synflorix,Synflorix,Synflorix,Synflorix,Synflorix,Synflorix
DIARY.TEMPERATURE.INJECTION_VACCINE.OPTION.52.LABEL,TdaP-IMMUN,TdaP-IMMUN,TdaP-IMMUN,TdaP-IMMUN,TdaP-IMMUN,TdaP-IMMUN,TdaP-IMMUN,TdaP-IMMUN,TdaP-IMMUN,TdaP-IMMUN,TdaP-IMMUN,TdaP-IMMUN,TdaP-IMMUN,TdaP-IMMUN
DIARY.TEMPERATURE.INJECTION_VACCINE.OPTION.53.LABEL,Td-IMMUN,Td-IMMUN,Td-IMMUN,Td-IMMUN,Td-IMMUN,Td-IMMUN,Td-IMMUN,Td-IMMUN,Td-IMMUN,Td-IMMUN,Td-IMMUN,Td-IMMUN,Td-IMMUN,Td-IMMUN
DIARY.TEMPERATURE.INJECTION_VACCINE.OPTION.54.LABEL,Td-Impfstoff Merieux,Td-Impfstoff Merieux,Td-Impfstoff Merieux,Td-Impfstoff Merieux,Td-Impfstoff Merieux,Td-Impfstoff Merieux,Td-Impfstoff Merieux,Td-Impfstoff Merieux,Td-Impfstoff Merieux,Td-Impfstoff Merieux,Td-Impfstoff Merieux,Td-Impfstoff Merieux,Td-Impfstoff Merieux,Td-Impfstoff Merieux
DIARY.TEMPERATURE.INJECTION_VACCINE.OPTION.55.LABEL,Td-pur,Td-pur,Td-pur,Td-pur,Td-pur,Td-pur,Td-pur,Td-pur,Td-pur,Td-pur,Td-pur,Td-pur,Td-pur,Td-pur
DIARY.TEMPERATURE.INJECTION_VACCINE.OPTION.56.LABEL,Td-Rix,Td-Rix,Td-Rix,Td-Rix,Td-Rix,Td-Rix,Td-Rix,Td-Rix,Td-Rix,Td-Rix,Td-Rix,Td-Rix,Td-Rix,Td-Rix
DIARY.TEMPERATURE.INJECTION_VACCINE.OPTION.57.LABEL,Tetagam P,Tetagam P,Tetagam P,Tetagam P,Tetagam P,Tetagam P,Tetagam P,Tetagam P,Tetagam P,Tetagam P,Tetagam P,Tetagam P,Tetagam P,Tetagam P
DIARY.TEMPERATURE.INJECTION_VACCINE.OPTION.58.LABEL,Tetanol pur,Tetanol pur,Tetanol pur,Tetanol pur,Tetanol pur,Tetanol pur,Tetanol pur,Tetanol pur,Tetanol pur,Tetanol pur,Tetanol pur,Tetanol pur,Tetanol pur,Tetanol pur
DIARY.TEMPERATURE.INJECTION_VACCINE.OPTION.59.LABEL,Tetanus Mérieux,Tetanus Mérieux,Tetanus Mérieux,Tetanus Mérieux,Tetanus Mérieux,Tetanus Mérieux,Tetanus Mérieux,Tetanus Mérieux,Tetanus Mérieux,Tetanus Mérieux,Tetanus Mérieux,Tetanus Mérieux,Tetanus Mérieux,Tetanus Mérieux
DIARY.TEMPERATURE.INJECTION_VACCINE.OPTION.60.LABEL,Tetravac,Tetravac,Tetravac,Tetravac,Tetravac,Tetravac,Tetravac,Tetravac,Tetravac,Tetravac,Tetravac,Tetravac,Tetravac,Tetravac
DIARY.TEMPERATURE.INJECTION_VACCINE.OPTION.61.LABEL,Tollwut-Impfstoff (HDC),Rabies vaccine (HDC),Tollwut-Impfstoff (HDC),Kuduz Aşısı (HDC),Tollwut-Impfstoff (HDC),Vaccin antirabique (HDC),Rabies vaccine (HDC),Tollwut-Impfstoff (HDC),Tollwut-Impfstoff (HDC),vaccino per la Rabbia (HDC),Tollwut-Impfstoff (HDC),Tollwut-Impfstoff (HDC),Tollwut-Impfstoff (HDC),Tollwut-Impfstoff (HDC)
DIARY.TEMPERATURE.INJECTION_VACCINE.OPTION.62.LABEL,Tritanrix-Hep B,Tritanrix-Hep B,Tritanrix-Hep B,Tritanrix-Hep B,Tritanrix-Hep B,Tritanrix-Hep B,Tritanrix-Hep B,Tritanrix-Hep B,Tritanrix-Hep B,Tritanrix-Hep B,Tritanrix-Hep B,Tritanrix-Hep B,Tritanrix-Hep B,Tritanrix-Hep B
DIARY.TEMPERATURE.INJECTION_VACCINE.OPTION.63.LABEL,Trumenba,Trumenba,Trumenba,Trumenba,Trumenba,Trumenba,Trumenba,Trumenba,Trumenba,Trumenba,Trumenba,Trumenba,Trumenba,Trumenba
DIARY.TEMPERATURE.INJECTION_VACCINE.OPTION.64.LABEL,Twinrix Erwachsene,Twinrix adults,Twinrix Erwachsene,Twinrix Yetişkin,Twinrix راشدون,Twinrix adultes,Twinrix Erwachsene,Twinrix volwassenen,Twinrix Erwachsene,Twinrix adulti,Twinrix Erwachsene,Twinrix Erwachsene,Twinrix Erwachsene,Twinrix Erwachsene
DIARY.TEMPERATURE.INJECTION_VACCINE.OPTION.65.LABEL,Twinrix Kinder,Twinrix children,Twinrix Kinder,Twinrix Çocuk,Twinrix أطفال,Twinrix enfants,Twinrix Kinder,Twinrix Kinderen,Twinrix Kinder,Twinrix bambini,Twinrix Kinder,Twinrix Kinder,Twinrix Kinder,Twinrix Kinder
DIARY.TEMPERATURE.INJECTION_VACCINE.OPTION.66.LABEL,Typhim Vi,Typhim Vi,Typhim Vi,Typhim Vi,Typhim Vi,Typhim Vi,Typhim Vi,Typhim Vi,Typhim Vi,Typhim Vi,Typhim Vi,Typhim Vi,Typhim Vi,Typhim Vi
DIARY.TEMPERATURE.INJECTION_VACCINE.OPTION.67.LABEL,Typhoral,Typhoral,Typhoral,Typhoral,Typhoral,Typhoral,Typhoral,Typhoral,Typhoral,Typhoral,Typhoral,Typhoral,Typhoral,Typhoral
DIARY.TEMPERATURE.INJECTION_VACCINE.OPTION.68.LABEL,VAQTA,VAQTA,VAQTA,VAQTA,VAQTA,VAQTA,VAQTA,VAQTA,VAQTA,VAQTA,VAQTA,VAQTA,VAQTA,VAQTA
DIARY.TEMPERATURE.INJECTION_VACCINE.OPTION.69.LABEL,VAQTA Kinder,VAQTA Children,VAQTA Kinder,VAQTA Çocuk,VAQTA أطفال,VAQTA enfants,VAQTA Kinder,VAQTA Kinderen,VAQTA Kinder,VAQTA bambini,VAQTA Kinder,VAQTA Kinder,VAQTA Kinder,VAQTA Kinder
DIARY.TEMPERATURE.INJECTION_VACCINE.OPTION.70.LABEL,Varicellon,Varicellon,Varicellon,Varicellon,Varicellon,Varicellon,Varicellon,Varicellon,Varicellon,Varicellon,Varicellon,Varicellon,Varicellon,Varicellon
DIARY.TEMPERATURE.INJECTION_VACCINE.OPTION.71.LABEL,Varilrix,Varilrix,Varilrix,Varilrix,Varilrix,Varilrix,Varilrix,Varilrix,Varilrix,Varilrix,Varilrix,Varilrix,Varilrix,Varilrix
DIARY.TEMPERATURE.INJECTION_VACCINE.OPTION.72.LABEL,Varitect CP,Varitect CP,Varitect CP,Varitect CP,Varitect CP,Varitect CP,Varitect CP,Varitect CP,Varitect CP,Varitect CP,Varitect CP,Varitect CP,Varitect CP,Varitect CP
DIARY.TEMPERATURE.INJECTION_VACCINE.OPTION.73.LABEL,VARIVAX,VARIVAX,VARIVAX,VARIVAX,VARIVAX,VARIVAX,VARIVAX,VARIVAX,VARIVAX,VARIVAX,VARIVAX,VARIVAX,VARIVAX,VARIVAX
DIARY.TEMPERATURE.INJECTION_VACCINE.OPTION.74.LABEL,Vaxelis,Vaxelis,Vaxelis,Vaxelis,Vaxelis,Vaxelis,Vaxelis,Vaxelis,Vaxelis,Vaxelis,Vaxelis,Vaxelis,Vaxelis,Vaxelis
DIARY.TEMPERATURE.INJECTION_VACCINE.OPTION.75.LABEL,VAXIGRIP TETRA,VAXIGRIP TETRA,VAXIGRIP TETRA,VAXIGRIP TETRA,VAXIGRIP TETRA,VAXIGRIP TETRA,VAXIGRIP TETRA,VAXIGRIP TETRA,VAXIGRIP TETRA,VAXIGRIP TETRA,VAXIGRIP TETRA,VAXIGRIP TETRA,VAXIGRIP TETRA,VAXIGRIP TETRA
DIARY.TEMPERATURE.INJECTION_VACCINE.OPTION.90.LABEL,Vaxneuvance,Vaxneuvance,Vaxneuvance,Vaxneuvance,Vaxneuvance,Vaxneuvance,Vaxneuvance,Vaxneuvance,Vaxneuvance,Vaxneuvance,Vaxneuvance,Vaxneuvance,Vaxneuvance,Vaxneuvance
DIARY.TEMPERATURE.INJECTION_VACCINE.OPTION.76.LABEL,Viatim,Viatim,Viatim,Viatim,Viatim,Viatim,Viatim,Viatim,Viatim,Viatim,Viatim,Viatim,Viatim,Viatim
DIARY.TEMPERATURE.INJECTION_VACCINE.OPTION.77.LABEL,ViATIM,ViATIM,ViATIM,ViATIM,ViATIM,ViATIM,ViATIM,ViATIM,ViATIM,ViATIM,ViATIM,ViATIM,ViATIM,ViATIM
DIARY.TEMPERATURE.INJECTION_VACCINE.OPTION.78.LABEL,ZOSTAVAX,ZOSTAVAX,ZOSTAVAX,ZOSTAVAX,ZOSTAVAX,ZOSTAVAX,ZOSTAVAX,ZOSTAVAX,ZOSTAVAX,ZOSTAVAX,ZOSTAVAX,ZOSTAVAX,ZOSTAVAX,ZOSTAVAX
DIARY.TEMPERATURE.INJECTION_VACCINE.OPTION.79.LABEL,-- Sonstiger Impfstoff --,- Other vaccine-,- Прочая вакцина-,-- Diğer aşı --,-- لقاح آخر --,-- Autres vaccins --,-- واکسن های دیگر-,-- Ander vaccin...,-- inna szczepionka,- altro vaccino,- Otras vacunas,-Outra vacina,- Інша вакцина-,-- სხვა ვაქცინა
DIARY.SYMPTOMS.SYMPTOMS.OTHER_SYMPTOMS.LABEL,Welche anderen Symptome hat {{name}}?,Which other symptoms does {{name}} have?,Welche anderen Symptome hat {{name}}?,{{name}} başka hangi semptomları var?,ما الأعراض الأخرى التي يعاني منها {{name}}؟,Quels autres symptômes {{name}} présente-t-il ?,Welche anderen Symptome hat {{name}}?,Welke andere symptomen heeft {{name}}?,Welche anderen Symptome hat {{name}}?,Quali altri sintomi ha {{name}}?,Welche anderen Symptome hat {{name}}?,Welche anderen Symptome hat {{name}}?,Welche anderen Symptome hat {{name}}?,Welche anderen Symptome hat {{name}}?
ADD.ENTRY.DOCTOR.MEASURES,Welche anderen Maßnahmen hat der Arzt ergriffen?,What other measures was taken by the doctor?,Какие другие меры предпринял врач?,Doktor başka hangi önlemleri aldı?,ما هي التدابير الأخرى التي اتخذها الطبيب؟,Quelles autres mesures le médecin a-t-il prises ?,چه اقدامات دیگری توسط دکتر انجام شد؟,Welke andere maatregelen nam de arts?,Jakie inne działania podjął lekarz?,Quali altre misure ha preso il medico?,Які інші заходи вжив лікар?,რა დამატებითი ზომები მიიღო ექიმმა?,¿Qué otras medidas tomó el médico?,Que outras medidas foram tomadas pelo médico?
AMOUNT.ENTER.TEXT,Betrag eingeben,Enter amount,Введите сумму,Miktarı girin,أدخل المبلغ,Entrer le montant,مقدار را وارد کنید,Bedrag invoeren,Wpisz kwotę,Inserisci l'importo,Введіть суму,თანხის შეყვანა,Introduzca la cantidad,Insira o valor
REASON.SELECT.TEXT,Grund auswählen,Select reason,Выберите причину,Nedeni seçin,حدد السبب,Sélectionnez une raison,دلیل را انتخاب کنید,Reden selecteren,Wybierz powód,Seleziona motivo,Виберіть причину,მიზეზის არჩევა,Seleccione motivo,Selecione o motivo
DECISION.BASIS.SELECT.TEXT,Entscheidungsgrundlage auswählen,Select basis of decision,Выберите основу решения,Karar temelini seçin,حدد أساس القرار,Sélectionnez la base de la décision,مبنای تصمیم را انتخاب کنید,Beslissingsgrondslag selecteren,Wybierz podstawę decyzji,Seleziona la base della decisione,Виберіть основу рішення,გადაწყვეტილების საფუძველი,Seleccione la base de la decisión,Selecione a base da decisão
TIME.SELECTED.TEXT,Ausgewählte Zeit,Selected time,Выбранное время,Seçilen zaman,الوقت المحدد,Heure sélectionnée,زمان انتخاب شده,Geselecteerde tijd,Wybrany czas,Ora selezionata,Вибраний час,არჩეული დრო,Hora seleccionada,Hora selecionada
MEDICINE.SEARCH.TEXT,Medizin suchen,Search medicine,Искать лекарство,İlaç ara,ابحث عن دواء,Rechercher un médicament,جستجوی دارو,Zoek medicijn,Szukaj leku,Cerca medicina,Шукати ліки,წამლის ძიება,Buscar medicamento,Procurar medicamento
OR.TEXT,Oder,Or,Или,Veya,أو,Ou,یا,Of,Albo,O,Або,ან,O,U
INFO.ABOUT.VALUE.TEXT,Info über {{value}},Info about {{value}},Информация о {{value}},{{value}} hakkında bilgi,معلومات عن {{value}},Infos sur {{value}},اطلاعات در مورد {{value}},Info over {{value}},Informacje o {{value}},Informazioni su {{value}},Інформація про {{value}},ინფორმაცია {{value}}-ზე,Información sobre {{value}},Informações sobre {{value}}
EXACT.ALARMS.REQUIRED,"Genaues Alarmsignal erforderlich","Exact Alarms Required","Требуются точные сигналы будильника","Tam zamanlı alarmlar gerekli","التنبيهات الدقيقة مطلوبة","Alarmes exacts requis","نیاز به زنگ هشدار دقیق","Exacte alarmen vereist","Wymagane dokładne alarmy","Allarmi esatti richiesti","Потрібні точні сигнали будильника","საჭიროა ზუსტი სიგნალი","Se requieren alarmas exactas","Alarmes exatos necessários"
EXACT.ALARMS.DESC,"Diese App erfordert genaue Alarme, um ordnungsgemäß zu funktionieren. Bitte erlauben Sie genaue Alarme in den Systemeinstellungen.","This app requires exact alarms to function correctly. Please allow exact alarms in the system settings.","Это приложение требует точных сигналов будильника для правильной работы. Пожалуйста, разрешите точные сигналы будильника в системных настройках.","Bu uygulamanın doğru çalışabilmesi için tam zamanlı alarmlar gereklidir. Lütfen sistem ayarlarında tam zamanlı alarmlara izin verin.","يتطلب هذا التطبيق التنبيهات الدقيقة ليعمل بشكل صحيح. يرجى السماح بالتنبيهات الدقيقة في إعدادات النظام.","Cette application nécessite des alarmes exactes pour fonctionner correctement. Veuillez autoriser les alarmes exactes dans les paramètres du système.","این برنامه برای عملکرد صحیح به زنگ هشدار دقیق نیاز دارد. لطفا در تنظیمات سیستم اجازه دهید که زنگ هشدار دقیق تنظیم شود.","Deze app vereist exacte alarmen om correct te functioneren. Sta exacte alarmen toe in de systeeminstellingen.","Ta aplikacja wymaga dokładnych alarmów, aby działać poprawnie. Proszę zezwolić na dokładne alarmy w ustawieniach systemu.","Questa app richiede allarmi esatti per funzionare correttamente. Si prega di consentire allarmi esatti nelle impostazioni di sistema.","Цей додаток вимагає точних сигналів будильника для правильного функціонування. Дозвольте точні сигнали будильника в налаштуваннях системи.","ეს აპლიკაცია მოითხოვს ზუსტ სიგნალებს რომ ფუნქციონირება სწორად მოხდეს. გთხოვთ, დაუშვათ ზუსტი სიგნალები სისტემის პარამეტრებში.","Esta aplicación requiere alarmas exactas para funcionar correctamente. Permita alarmas exactas en la configuración del sistema.","Este aplicativo requer alarmes exatos para funcionar corretamente. Por favor, permita alarmes exatos nas configurações do sistema."
EXACT.ALARMS.SETTINGS,"Gehe zu den Einstellungen","Go to Settings","Перейти в настройки","Ayarlar'a git","الذهاب إلى الإعدادات","Aller aux paramètres","به تنظیمات بروید","Ga naar Instellingen","Przejdź do ustawień","Vai alle impostazioni","Перейти до налаштувань","გადადით პარამეტრებში","Ir a Configuración","Ir para Configurações"
ACCESS.CAMERA.NEEDED,Kamerazugriff erforderlich,Camera Access Needed,Требуется доступ к камере,Kamera erişimi gerekiyor,الوصول إلى الكاميرا مطلوب,Accès à la caméra nécessaire,نیاز به دسترسی به دوربین,Camera-toegang nodig,Potrzebny dostęp do kamery,Accesso alla fotocamera necessario,Потрібен доступ до камери,საჭიროა კამერაზე წვდომა,Se necesita acceso a la cámara,Acesso à câmera necessário
ACCESS.CAMERA.GRANT,Bitte gewähren Sie den Kamerazugriff, um diese Funktion zu nutzen.,Please grant camera access to use this feature.,Пожалуйста, предоставьте доступ к камере, чтобы использовать эту функцию.,Lütfen bu özelliği kullanmak için kamera erişimine izin verin.,يرجى منح الوصول إلى الكاميرا لاستخدام هذه الميزة.,Veuillez accorder l'accès à la caméra pour utiliser cette fonctionnalité.,لطفاً برای استفاده از این ویژگی به دوربین اجازه دسترسی بدهید.,Geef alsjeblieft camera-toegang om deze functie te gebruiken.,Proszę zezwolić na dostęp do kamery, aby użyć tej funkcji.,Si prega di concedere l'accesso alla fotocamera per utilizzare questa funzione.,Будь ласка, надайте доступ до камери для використання цієї функції.,გთხოვთ, მიეცით კამერაზე წვდომა ამ ფუნქციის გამოსაყენებლად.,Por favor, concede acceso a la cámara para usar esta función.,Por favor, conceda acesso à câmera para usar este recurso.
CONTROLS.OK,OK,OK,ОК,Tamam,حسناً,OK,تایید,OK,OK,OK,OK,OK,OK,OK
ERROR.NO_MEDICATION_FOUND,Kein Medikament mit dem folgenden Barcode wurde gefunden,No medication with the following barcode was found,Лекарство с указанным штрих-кодом не найдено,Aşağıdaki barkodla eşleşen bir ilaç bulunamadı,لم يتم العثور على دواء بالباركود التالي,Aucun médicament avec le code-barres suivant n'a été trouvé,هیچ دارویی با بارکد زیر یافت نشد,Geen medicatie met de volgende barcode gevonden,Żaden lek o poniższym kodzie kreskowym nie został znaleziony,Nessun farmaco con il seguente codice a barre è stato trovato,Не знайдено ліків із наступним штрих-кодом,შემდეგი შტრიხ-კოდით წამალი ვერ მოიძებნა,No se encontró ningún medicamento con el siguiente código de barras,Nenhum medicamento com o seguinte código de barras foi encontrado
ADD.PROFILE.FAILED.TO.SAVE.MEDICATION,Fehler beim Speichern des Medikaments,Failed to save medication,Ошибка при сохранении лекарства,İlacın kaydedilmesinde hata,فشل في حفظ الدواء,Échec de l'enregistrement du médicament,عدم توانایی در ذخیره دارو,Medicatie opslaan mislukt,Nie udało się zapisać leku,Impossibile salvare il farmaco,Не вдалося зберегти ліки,წარმოუდგენელია წამლის შენახვა,Error al guardar la medicación,Erro ao salvar o medicamento
ADD.PROFILE.REASON,Was ist dein Grund?,What is your reason?,Какова ваша причина?,Nedeniniz nedir?,ما هو سببك؟,Quelle est votre raison ?,چه دلیلی دارید؟,Wat is je reden?,Jaki jest twój powód?,Qual è il tuo motivo?,Яка ваша причина?,რა არის თქვენი მიზეზი?,¿Cuál es tu razón?,Qual é o seu motivo?
ADD.PROFILE.DECISION.BASIS,Was ist deine Entscheidungsgrundlage?,What is your basis of decision?,Какова ваша основа для принятия решения?,Kararınızın dayanağı nedir?,ما هو أساس قرارك؟,Quel est votre critère de décision ?,مبنای تصمیم شما چیست؟,Wat is je besluitvormingsbasis?,Jaka jest podstawa twojej decyzji?,Qual è la tua base di decisione?,Яка ваша основа для прийняття рішення?,რა არის თქვენი გადაწყვეტილების საფუძველი?,¿Cuál es la base de tu decisión?,Qual é a sua base de decisão?
ADD.PROFILE.OTHER.ACTIONS,Welche anderen Maßnahmen hast du ergriffen?,What other actions have you taken?,Какие еще действия вы предприняли?,Başka hangi eylemleri gerçekleştirdiniz?,ما هي الإجراءات الأخرى التي اتخذتها؟,Quelles autres actions avez-vous prises ?,چه اقدامات دیگری انجام داده‌اید؟,Welke andere acties heb je ondernomen?,Jakie inne działania podjąłeś?,Quali altre azioni hai intrapreso?,Які ще дії ви вжили?,რა სხვა ქმედებები გაგივლიათ?,¿Qué otras acciones has tomado?,Quais outras ações você tomou?
LOGIC.OR,oder,or,или,veya,أو,ou,یا,of,lub,o,або,ან,o,u
DIARY.WELLBEING.WELLBEING_CHILD.ANALYSIS.TEXT.4.TEXT,,{{name}} fühlt sich sehr krank,{{name}} feels very sick,{{name}} чувствует себя очень плохо,{{name}} kendini çok hasta hissediyor,{{name}} يشعر بالمرض الشديد,{{name}} se sent très malade,{{name}} احساس خیلی بدی دارد,{{name}} voelt zich erg ziek,{{name}} czuje się bardzo źle,{{name}} si sente molto male,{{name}} se siente muy enfermo,{{name}} se siente muy enfermo,{{name}} está muito doente,{{name}} почувається дуже хворим,{{name}} თავს ძალიან ავად გრძნობს
TIME.EVERY.MINUTE,Jede Minute,Every minute,Каждую минуту,Her Dakika,كل دقيقة,Chaque minute,هر دقیقه,Elke minuut,Każda minuta,Ogni minuto,Щохвилини,ყოველი წუთი,Cada minuto,Cada minuto
TOUR.STEP.6,Schritt 6 von 6,Step 6 of 6,Шаг 6 из 6,Adım 6 / 6,الخطوة 6 من 6,Étape 6 sur 6,مرحله 6 از 6,Stap 6 van 6,Krok 6 z 6,Passaggio 6 di 6,Крок 6 з 6,ნაბიჯი 6 -დან 6,Paso 6 de 6,Etapa 6 de 6
LIMBS.IN.THE,In den Gliedmaßen,In the limbs,В конечностях,Üst ekstremiteerde,Umm al- 'udw, Dans les membres,در اندام ها,In de ledematen,W kończynach,Nelle membra,У кінцівках,ზედა კიდურებში,En las extremidades,Em membros
HEAD.YES.IN.THE,Im Kopf,In the head,В голове,Başta,Ya'si fi al-ra's,Dans la tête,در سر,In het hoofd,W głowie,Nella testa,У голові,თავში,En la cabeza,Na cabeça
NECK.YES.IN.THE,Im Hals,In the neck,В шее,Boyun,Fi al-‘unq,Dans le cou,در گردن,In de nek,W szyi,Nel collo,У шиї,კისერში,En el cuello,No pescoço
EARS.YES.IN.THE,In den Ohren,In the ears,В ушах,Üst kulaklarda,Fi al-udhun,Dans les oreilles,در گوش ها,In de oren,W uszach,Nelle orecchie,У вухах,ყურებში,En las orejas,Nos ouvidos
STOMACH.YES.IN.THE,Im Bauch,In the stomach,В животе,Karında,Fi al-mi'dah,Dans l'estomac,در معده,In de buik,W brzuchu,Nello stomaco,У животі,მუცელში,En el estómago,No estômago
SOMEWHERE.ELSE.YES,Anderswo,Irgendwo anders,Somewhere else,Gayetra,Ghayr dhalik,Ailleurs,در جای دیگر,Anders,Inaczej,Altrove,Деінде,სხვა ადგილზე,En otro lugar,Em outro lugar
